{
    "name": "Cylinder.001Geometry.6",
    "uvs": [[0.372434,0.43403,0.342273,0.43403,0.342273,0.436863,0.372434,0.436863,0.342273,0.441447,0.372434,0.441447,0.414949,0.43403,0.414949,0.436863,0.414949,0.441447,0.570374,0.43403,0.570374,0.436863,0.570374,0.441447,0.417455,0.437737,0.362138,0.437737,0.362138,0.426366,0.417455,0.429037,0.569541,0.43813,0.569541,0.42972,0.569541,0.44654,0.342273,0.43813,0.589081,0.43813,0.417455,0.446438,0.362138,0.449109]],
    "normals": [0,-1,0,0,-0.803186,-0.595691,0.763878,-0.248177,-0.595691,0.951048,-0.309,0,0.472091,0.6498,-0.595691,0.587756,0.809015,0,-0.472091,0.6498,-0.595691,-0.587756,0.809015,0,-0.951048,-0.309,0,-0.763878,-0.248177,-0.595691,0,-0.999969,0,0,0,1,-0.739921,0,-0.672658,0,-0.724845,-0.688894,0,-0.979492,0.201331,-0.84817,0,-0.529679,0.84817,0,-0.529679,0,-0.913877,-0.405927,0,0.913877,-0.405927,0,0,-1,0,0.979492,0.201331,0,0.724845,-0.688894,0.739921,0,-0.672658],
    "materials": [{
        "shading": "phong",
        "colorEmissive": [0.06575,0.027399,0.017419],
        "wireframe": false,
        "DbgName": "Material.002",
        "colorDiffuse": [0.328751,0.136996,0.087096],
        "opacity": 1,
        "visible": true,
        "transparent": false,
        "specularCoef": 50,
        "blending": "NormalBlending",
        "depthTest": true,
        "depthWrite": true,
        "DbgColor": 15597568,
        "DbgIndex": 1,
        "colorSpecular": [0.5,0.5,0.5]
    },{
        "shading": "phong",
        "colorEmissive": [0.16,0.16,0.16],
        "wireframe": false,
        "DbgName": "Material.003",
        "colorDiffuse": [0.8,0.8,0.8],
        "opacity": 1,
        "visible": true,
        "transparent": false,
        "specularCoef": 50,
        "blending": "NormalBlending",
        "depthTest": true,
        "depthWrite": true,
        "DbgColor": 60928,
        "DbgIndex": 2,
        "colorAmbient": [0.8,0.8,0.8],
        "colorSpecular": [0.5,0.5,0.5]
    },{
        "shading": "phong",
        "colorEmissive": [0.005986,0.005986,0.005986],
        "wireframe": false,
        "DbgName": "Material",
        "colorDiffuse": [0.029928,0.029928,0.029928],
        "opacity": 1,
        "visible": true,
        "transparent": false,
        "specularCoef": 50,
        "blending": "NormalBlending",
        "depthTest": true,
        "depthWrite": true,
        "DbgColor": 15658734,
        "DbgIndex": 0,
        "colorSpecular": [0.5,0.5,0.5]
    }],
    "metadata": {
        "faces": 32,
        "vertices": 33,
        "uvs": 1,
        "version": 3,
        "normals": 23,
        "generator": "io_three",
        "materials": 3,
        "type": "Geometry"
    },
    "faces": [43,10,1,3,11,0,0,1,2,3,0,1,2,3,43,11,3,5,12,0,3,2,4,5,3,2,4,5,43,12,5,7,13,0,5,4,4,5,5,4,6,7,43,14,9,1,10,0,3,2,1,0,8,9,1,0,43,13,7,9,14,0,5,4,2,3,7,6,9,8,43,19,10,11,15,0,6,0,3,7,10,0,3,3,43,15,11,12,16,0,7,3,5,8,3,3,5,5,43,16,12,13,17,0,8,5,5,8,5,5,7,7,43,18,14,10,19,0,7,3,0,6,8,8,0,10,43,17,13,14,18,0,8,5,3,7,7,7,8,8,43,0,19,15,2,0,9,6,7,10,0,10,3,3,43,2,15,16,4,0,10,7,8,11,3,3,5,5,43,4,16,17,6,0,11,8,8,11,5,5,7,7,43,19,0,8,18,0,6,9,10,7,10,0,8,8,43,6,17,18,8,0,11,8,7,10,7,7,8,8,43,31,30,23,22,1,12,13,14,15,11,12,13,14,42,29,28,25,2,16,16,17,15,16,17,42,27,28,29,2,18,16,16,18,16,15,42,1,9,24,0,1,2,19,1,9,19,42,9,7,24,0,2,4,19,9,6,19,42,7,5,24,0,4,4,19,6,4,19,42,5,3,24,0,4,2,19,4,2,19,42,3,1,24,0,2,1,19,2,1,19,42,25,26,29,2,17,20,16,17,11,15,42,27,26,28,2,18,20,16,18,11,16,42,29,26,27,2,16,20,18,15,11,18,42,28,26,25,2,16,20,17,16,11,17,43,21,20,30,31,1,21,22,13,12,20,21,12,11,42,32,30,20,2,13,13,22,22,12,21,43,31,32,20,21,1,12,13,22,21,11,22,21,20,43,22,23,32,31,1,15,14,13,12,14,13,22,11,42,30,32,23,2,13,13,14,12,22,13],
    "vertices": [0,-0.047597,0.867241,0,-0.047597,-1.78108,0.045267,-0.014708,0.867241,0.045267,-0.014709,-1.78108,0.027977,0.038507,0.867241,0.027977,0.038506,-1.78108,-0.027977,0.038507,0.867241,-0.027977,0.038506,-1.78108,-0.045267,-0.014708,0.867241,-0.045267,-0.014709,-1.78108,0,-0.047597,-1.4309,0.045267,-0.014709,-1.4309,0.027977,0.038506,-1.4309,-0.027977,0.038506,-1.4309,-0.045267,-0.014709,-1.4309,0.045267,-0.014708,-0.937294,0.027977,0.038506,-0.937294,-0.027977,0.038506,-0.937294,-0.045267,-0.014708,-0.937294,0,-0.047597,-0.937294,0,0.127467,-1.55044,0,0.09646,-0.908189,0,-0.105575,-0.908189,0,-0.136582,-1.55044,-0,-0,-1.78108,0,-0.097639,0.857558,0,0,1.08442,0,0.097639,0.857558,0.051832,0,0.857558,-0.051832,0,0.857558,-0.016783,-0.004557,-1.55044,0,-0.004557,-0.908189,0.016783,-0.004557,-1.55044]
}